movie,type,word,seconds,minutes
Reservoir Dogs,word,dick,0.4,0
Reservoir Dogs,word,dicks,0.43,0
Reservoir Dogs,word,fucked,0.55,0
Reservoir Dogs,word,fucking,0.61,0
Reservoir Dogs,word,bullshit,0.61,0
Reservoir Dogs,word,fuck,0.66,0
Reservoir Dogs,word,shit,0.9,0
Reservoir Dogs,word,fuck,1.43,1
Reservoir Dogs,word,dicks,1.56,1
Reservoir Dogs,word,fuck,1.66,1
Reservoir Dogs,word,dick,1.75,1
Reservoir Dogs,word,dick,1.75,1
Reservoir Dogs,word,dick,1.75,1
Reservoir Dogs,word,dick,1.75,1
Reservoir Dogs,word,dick,1.75,1
Reservoir Dogs,word,dick,1.75,1
Reservoir Dogs,word,dick,1.75,1
Reservoir Dogs,word,dicks,1.75,1
Reservoir Dogs,word,motherfucker,1.83,1
Reservoir Dogs,word,dick,1.96,1
Reservoir Dogs,word,pussy,2.15,2
Reservoir Dogs,word,fucks,2.18,2
Reservoir Dogs,word,fuck,2.3,2
Reservoir Dogs,word,fucking,2.45,2
Reservoir Dogs,word,hell,2.48,2
Reservoir Dogs,word,fucking,2.51,2
Reservoir Dogs,word,fucking,2.81,2
Reservoir Dogs,word,dick,2.86,2
Reservoir Dogs,word,jap,2.93,2
Reservoir Dogs,word,fuck,3.05,3
Reservoir Dogs,word,shit,3.2,3
Reservoir Dogs,word,fucking,3.4,3
Reservoir Dogs,word,fucking,3.55,3
Reservoir Dogs,word,fucking,3.7,3
Reservoir Dogs,word,motherfucker,3.93,3
Reservoir Dogs,word,motherfucker,3.98,3
Reservoir Dogs,word,shit,4.35,4
Reservoir Dogs,word,shit,4.76,4
Reservoir Dogs,word,fucking,4.86,4
Reservoir Dogs,word,dick,5.25,5
Reservoir Dogs,word,fucking,5.41,5
Reservoir Dogs,word,fucking,5.51,5
Reservoir Dogs,word,fucking,5.55,5
Reservoir Dogs,word,fucking,5.61,5
Reservoir Dogs,word,bullshit,6.23,6
Reservoir Dogs,word,fuck,6.46,6
Reservoir Dogs,word,fucked,6.58,6
Reservoir Dogs,word,fucks,6.66,6
Reservoir Dogs,word,bullshit,6.81,6
Reservoir Dogs,word,fucking,6.86,6
Reservoir Dogs,word,fucking,6.73,6
Reservoir Dogs,word,bastard,7.38,7
Reservoir Dogs,word,goddamn,7.41,7
Reservoir Dogs,word,goddamn,7.58,7
Reservoir Dogs,word,shit,9.63,9
Reservoir Dogs,word,fucking,9.96,9
Reservoir Dogs,word,shit,10.01,10
Reservoir Dogs,word,fucking,10.08,10
Reservoir Dogs,word,shit,10.26,10
Reservoir Dogs,word,goddamn,11.13,11
Reservoir Dogs,word,fucking,11.13,11
Reservoir Dogs,word,fucking,11.85,11
Reservoir Dogs,word,fucking,12.06,12
Reservoir Dogs,word,fucking,12.08,12
Reservoir Dogs,word,fucking,12.43,12
Reservoir Dogs,word,fucking,12.45,12
Reservoir Dogs,word,fucking,12.9,12
Reservoir Dogs,word,fucking,13.73,13
Reservoir Dogs,word,fuck,14.38,14
Reservoir Dogs,word,fucking,14.66,14
Reservoir Dogs,word,fucking,14.95,14
Reservoir Dogs,word,fucking,15.38,15
Reservoir Dogs,word,fucking,15.41,15
Reservoir Dogs,word,shit,15.45,15
Reservoir Dogs,word,fuck,15.51,15
Reservoir Dogs,word,fuck,15.65,15
Reservoir Dogs,word,fucking,15.75,15
Reservoir Dogs,word,fucked,15.86,15
Reservoir Dogs,word,fucked,15.88,15
Reservoir Dogs,word,fucked,15.93,15
Reservoir Dogs,word,fuck,16.45,16
Reservoir Dogs,word,motherfuckers,16.6,16
Reservoir Dogs,word,fucking,16.65,16
Reservoir Dogs,word,fuck,16.75,16
Reservoir Dogs,word,fucking,16.86,16
Reservoir Dogs,word,fucking,17.56,17
Reservoir Dogs,word,fuck,17.63,17
Reservoir Dogs,word,fucking,17.75,17
Reservoir Dogs,word,fucking,17.95,17
Reservoir Dogs,word,fucking,18,18
Reservoir Dogs,word,shit,20.13,20
Reservoir Dogs,word,fucking,20.16,20
Reservoir Dogs,word,fuck,20.68,20
Reservoir Dogs,word,fuck,20.73,20
Reservoir Dogs,word,fuck,20.93,20
Reservoir Dogs,word,fucking,20.96,20
Reservoir Dogs,word,asshole,20.98,20
Reservoir Dogs,word,fuck,21,21
Reservoir Dogs,word,fucking,21.01,21
Reservoir Dogs,word,fuck,21.2,21
Reservoir Dogs,word,fucking,22.18,22
Reservoir Dogs,word,fuck,22.21,22
Reservoir Dogs,word,motherfucker,22.46,22
Reservoir Dogs,word,fuck,22.6,22
Reservoir Dogs,word,goddamn,22.71,22
Reservoir Dogs,word,ass,22.8,22
Reservoir Dogs,word,fuck,23,23
Reservoir Dogs,word,fucking,23.2,23
Reservoir Dogs,word,assholes,23.35,23
Reservoir Dogs,word,fucking,24.01,24
Reservoir Dogs,word,fuck,24.05,24
Reservoir Dogs,word,fucking,24.6,24
Reservoir Dogs,word,fuck,24.66,24
Reservoir Dogs,word,fucking,24.76,24
Reservoir Dogs,word,fucking,25.13,25
Reservoir Dogs,word,shit,25.35,25
Reservoir Dogs,word,fuck,25.45,25
Reservoir Dogs,word,fucking,25.75,25
Reservoir Dogs,word,bullshit,25.76,25
Reservoir Dogs,word,fucking,26.01,26
Reservoir Dogs,word,fucking,26.06,26
Reservoir Dogs,word,fucking,26.16,26
Reservoir Dogs,word,fucking,26.26,26
Reservoir Dogs,word,hell,27.21,27
Reservoir Dogs,word,shit,28.6,28
Reservoir Dogs,word,fucking,28.6,28
Reservoir Dogs,word,fucking,28.83,28
Reservoir Dogs,word,shit,28.83,28
Reservoir Dogs,word,shit,29.16,29
Reservoir Dogs,word,hell,29.18,29
Reservoir Dogs,word,fucking,31.13,31
Reservoir Dogs,word,fuck,31.5,31
Reservoir Dogs,word,fucking,31.6,31
Reservoir Dogs,word,fuck,31.8,31
Reservoir Dogs,word,fuck,31.81,31
Reservoir Dogs,word,fucking,31.88,31
Reservoir Dogs,word,hell,32.11,32
Reservoir Dogs,word,fucking,32.43,32
Reservoir Dogs,word,fuck,32.55,32
Reservoir Dogs,word,fucking,32.58,32
Reservoir Dogs,word,shit,32.6,32
Reservoir Dogs,word,fuck,32.63,32
Reservoir Dogs,word,fucking,32.7,32
Reservoir Dogs,word,shit,32.91,32
Reservoir Dogs,word,asshole,33.76,33
Reservoir Dogs,word,shit,33.81,33
Reservoir Dogs,word,fucking,33.9,33
Reservoir Dogs,word,fucking,34.3,34
Reservoir Dogs,word,fuck,34.38,34
Reservoir Dogs,word,fucking,34.46,34
Reservoir Dogs,word,fucking,34.56,34
Reservoir Dogs,word,fucking,34.6,34
Reservoir Dogs,word,fuck,34.71,34
Reservoir Dogs,word,fucking,34.75,34
Reservoir Dogs,word,fuck,34.85,34
Reservoir Dogs,word,asshole,34.98,34
Reservoir Dogs,word,assholes,35.48,35
Reservoir Dogs,word,fuck,35.5,35
Reservoir Dogs,word,fucking,35.6,35
Reservoir Dogs,word,fucking,35.61,35
Reservoir Dogs,word,n-word ,35.61,35
Reservoir Dogs,word,n-word ,35.63,35
Reservoir Dogs,word,fucking,35.71,35
Reservoir Dogs,word,fucking,35.83,35
Reservoir Dogs,word,fuck,35.88,35
Reservoir Dogs,word,asses,35.95,35
Reservoir Dogs,word,fuck,36.01,36
Reservoir Dogs,word,shit,36.06,36
Reservoir Dogs,word,fucking,36.11,36
Reservoir Dogs,word,fuck,37.41,37
Reservoir Dogs,word,fucking,37.48,37
Reservoir Dogs,word,fuck,37.91,37
Reservoir Dogs,word,fucking,39.06,39
Reservoir Dogs,word,asshole,39.06,39
Reservoir Dogs,word,fucking,39.18,39
Reservoir Dogs,word,hell,39.46,39
Reservoir Dogs,word,hell,39.6,39
Reservoir Dogs,word,bitch,39.88,39
Reservoir Dogs,word,fucking,40.13,40
Reservoir Dogs,word,ass,40.15,40
Reservoir Dogs,word,ass,40.3,40
Reservoir Dogs,word,fuckup,40.48,40
Reservoir Dogs,word,shit,40.96,40
Reservoir Dogs,word,fuck,41.25,41
Reservoir Dogs,word,bastard,41.3,41
Reservoir Dogs,word,fuck,41.31,41
Reservoir Dogs,word,fuck,41.43,41
Reservoir Dogs,word,fucking,41.75,41
Reservoir Dogs,word,ass,41.76,41
Reservoir Dogs,word,bitch,41.85,41
Reservoir Dogs,word,fucking,41.93,41
Reservoir Dogs,word,n-word ,41.93,41
Reservoir Dogs,word,ass,42,42
Reservoir Dogs,word,fucking,42.03,42
Reservoir Dogs,word,bitch,42.11,42
Reservoir Dogs,word,bitch,42.13,42
Reservoir Dogs,word,shit,42.16,42
Reservoir Dogs,word,fuck,42.55,42
Reservoir Dogs,word,motherfucker,42.56,42
Reservoir Dogs,word,fucker,42.6,42
Reservoir Dogs,word,shitty,42.66,42
Reservoir Dogs,word,asshead,42.86,42
Reservoir Dogs,word,fucking,43.06,43
Reservoir Dogs,word,fucking,43.31,43
Reservoir Dogs,word,shit,43.35,43
Reservoir Dogs,word,fuck,42.7,42
Reservoir Dogs,word,fuck,42.71,42
Reservoir Dogs,word,shit,43.86,43
Reservoir Dogs,word,fucking,44,44
Reservoir Dogs,word,shit,44.03,44
Reservoir Dogs,word,fucked,44.65,44
Reservoir Dogs,word,fuck,44.9,44
Reservoir Dogs,word,fucking,45.26,45
Reservoir Dogs,word,damn,45.4,45
Reservoir Dogs,word,fucking,46.48,46
Reservoir Dogs,word,fuck,46.53,46
Reservoir Dogs,word,fucking,46.65,46
Reservoir Dogs,word,fucking,46.66,46
Reservoir Dogs,word,fuck,47.5,47
Reservoir Dogs,word,fucking,47.51,47
Reservoir Dogs,word,fucking,47.55,47
Reservoir Dogs,word,fucking,47.7,47
Reservoir Dogs,word,fucking,47.71,47
Reservoir Dogs,word,fucking,47.73,47
Reservoir Dogs,word,fucking,47.75,47
Reservoir Dogs,word,fucking,47.8,47
Reservoir Dogs,word,fucking,47.88,47
Reservoir Dogs,word,shit,47.98,47
Reservoir Dogs,word,fucking,48.08,48
Reservoir Dogs,word,bullshit,48.15,48
Reservoir Dogs,word,fuck,48.16,48
Reservoir Dogs,word,fucking,48.25,48
Reservoir Dogs,word,fucking,48.26,48
Reservoir Dogs,word,hell,48.31,48
Reservoir Dogs,word,fucking,48.38,48
Reservoir Dogs,word,fucking,48.48,48
Reservoir Dogs,word,assholes,48.48,48
Reservoir Dogs,word,asshole,48.51,48
Reservoir Dogs,word,fucking,48.55,48
Reservoir Dogs,word,fucking,48.56,48
Reservoir Dogs,word,fucking,48.58,48
Reservoir Dogs,word,fucking,48.61,48
Reservoir Dogs,word,fucking,48.78,48
Reservoir Dogs,word,fucking,48.98,48
Reservoir Dogs,word,fucking,49.06,49
Reservoir Dogs,word,fucking,49.15,49
Reservoir Dogs,word,bastard,49.61,49
Reservoir Dogs,word,fuck,49.68,49
Reservoir Dogs,word,fucking,49.7,49
Reservoir Dogs,word,goddamn,49.75,49
Reservoir Dogs,word,fucking,49.8,49
Reservoir Dogs,word,fucking,49.9,49
Reservoir Dogs,word,fucking,49.98,49
Reservoir Dogs,word,fucking,50.51,50
Reservoir Dogs,word,bastard,50.68,50
Reservoir Dogs,word,fucking,50.76,50
Reservoir Dogs,word,motherfucker,50.91,50
Reservoir Dogs,word,fucking,51.08,51
Reservoir Dogs,word,fucking,51.36,51
Reservoir Dogs,word,fucking,51.51,51
Reservoir Dogs,word,fuck,51.88,51
Reservoir Dogs,word,fucking,51.98,51
Reservoir Dogs,word,fucking,53.28,53
Reservoir Dogs,word,shit,53.43,53
Reservoir Dogs,word,bitch,53.93,53
Reservoir Dogs,word,bullshit,54.25,54
Reservoir Dogs,word,fuck,54.3,54
Reservoir Dogs,word,fuck,56.73,56
Reservoir Dogs,death,,59.93,59
Reservoir Dogs,word,shit,61,61
Reservoir Dogs,word,shit,62.15,62
Reservoir Dogs,word,fuck,62.28,62
Reservoir Dogs,word,fuck,62.83,62
Reservoir Dogs,word,fuck,62.91,62
Reservoir Dogs,word,fucking,62.95,62
Reservoir Dogs,word,bastard,62.95,62
Reservoir Dogs,word,fuck,63.15,63
Reservoir Dogs,word,fucking,63.21,63
Reservoir Dogs,word,fucking,63.26,63
Reservoir Dogs,word,fucking,63.3,63
Reservoir Dogs,word,fuck,63.33,63
Reservoir Dogs,word,fuck,63.35,63
Reservoir Dogs,word,fucking,63.38,63
Reservoir Dogs,word,fucking,62.41,62
Reservoir Dogs,word,pussy,63.81,63
Reservoir Dogs,word,fucking,63.91,63
Reservoir Dogs,word,motherfucker,64.31,64
Reservoir Dogs,word,ass,64.46,64
Reservoir Dogs,word,goddamn,64.75,64
Reservoir Dogs,word,fucking,64.76,64
Reservoir Dogs,word,motherfucker,65.15,65
Reservoir Dogs,word,ass,65.65,65
Reservoir Dogs,word,damned,65.73,65
Reservoir Dogs,word,motherfucker,65.76,65
Reservoir Dogs,word,ass,65.76,65
Reservoir Dogs,word,fucking,66.05,66
Reservoir Dogs,word,fucking,66.35,66
Reservoir Dogs,word,fucking,66.36,66
Reservoir Dogs,word,fucking,66.46,66
Reservoir Dogs,word,fucking,66.5,66
Reservoir Dogs,word,ass,66.5,66
Reservoir Dogs,word,hell,66.96,66
Reservoir Dogs,word,bullshit,67.03,67
Reservoir Dogs,word,fucking,67.21,67
Reservoir Dogs,word,fucking,67.28,67
Reservoir Dogs,word,shit,67.3,67
Reservoir Dogs,word,fucking,67.48,67
Reservoir Dogs,word,shit,67.88,67
Reservoir Dogs,word,motherfucker,68.01,68
Reservoir Dogs,word,fucking,68.66,68
Reservoir Dogs,word,fucking,69.25,69
Reservoir Dogs,word,fuck,69.28,69
Reservoir Dogs,word,shit,69.3,69
Reservoir Dogs,word,bitch,69.31,69
Reservoir Dogs,word,shit,69.35,69
Reservoir Dogs,word,ass,69.46,69
Reservoir Dogs,word,fucking,69.48,69
Reservoir Dogs,word,fucking,69.51,69
Reservoir Dogs,word,fucking,69.53,69
Reservoir Dogs,word,motherfucker,69.61,69
Reservoir Dogs,word,shit,69.78,69
Reservoir Dogs,word,fucking,69.86,69
Reservoir Dogs,word,ass,69.88,69
Reservoir Dogs,word,fucking,70.06,70
Reservoir Dogs,word,fucking,71.63,71
Reservoir Dogs,word,fuck,71.95,71
Reservoir Dogs,word,fucking,72.16,72
Reservoir Dogs,word,fucking,72.4,72
Reservoir Dogs,word,asshole,72.58,72
Reservoir Dogs,word,fucking,72.61,72
Reservoir Dogs,word,fucking,72.95,72
Reservoir Dogs,word,bitch,73.05,73
Reservoir Dogs,word,fucking,73.28,73
Reservoir Dogs,word,fucking,73.36,73
Reservoir Dogs,word,shit,74.01,74
Reservoir Dogs,word,shit,74.05,74
Reservoir Dogs,word,bitch,74.4,74
Reservoir Dogs,word,shit,74.43,74
Reservoir Dogs,word,motherfucker,74.5,74
Reservoir Dogs,word,pussy,76.13,76
Reservoir Dogs,word,shit,76.2,76
Reservoir Dogs,word,fucking,76.28,76
Reservoir Dogs,word,fucking,76.3,76
Reservoir Dogs,word,bitch,77.05,77
Reservoir Dogs,word,bitch,77.06,77
Reservoir Dogs,word,fuck,77.13,77
Reservoir Dogs,word,n-word ,77.25,77
Reservoir Dogs,word,shit,77.28,77
Reservoir Dogs,word,n-word ,77.33,77
Reservoir Dogs,word,ass,77.35,77
Reservoir Dogs,word,bitches,77.36,77
Reservoir Dogs,word,fuck,77.4,77
Reservoir Dogs,word,fucking,78.01,78
Reservoir Dogs,word,fuck,78.55,78
Reservoir Dogs,word,fucking,78.6,78
Reservoir Dogs,word,wetback,78.95,78
Reservoir Dogs,word,shit,79.1,79
Reservoir Dogs,word,fucking,79.11,79
Reservoir Dogs,word,shit,79.36,79
Reservoir Dogs,word,fucking,79.4,79
Reservoir Dogs,word,dick,79.48,79
Reservoir Dogs,word,dick,79.51,79
Reservoir Dogs,word,fucking,79.83,79
Reservoir Dogs,word,fuck,80.18,80
Reservoir Dogs,word,bullshit,80.31,80
Reservoir Dogs,word,fucking,80.46,80
Reservoir Dogs,word,hell,80.65,80
Reservoir Dogs,word,faggot,81.65,81
Reservoir Dogs,word,shit,82.05,82
Reservoir Dogs,word,pussy,82.08,82
Reservoir Dogs,word,goddamn,82.48,82
Reservoir Dogs,word,fucking,82.5,82
Reservoir Dogs,word,fucking,82.73,82
Reservoir Dogs,word,goddamn,82.9,82
Reservoir Dogs,word,goddamn,82.96,82
Reservoir Dogs,word,ass,83.86,83
Reservoir Dogs,word,fucking,84.16,84
Reservoir Dogs,word,shit,84.16,84
Reservoir Dogs,word,bitch,84.21,84
Reservoir Dogs,word,fuck,84.3,84
Reservoir Dogs,word,fuck,84.4,84
Reservoir Dogs,word,bitch,84.5,84
Reservoir Dogs,word,fuck,85.08,85
Reservoir Dogs,word,fuck,85.28,85
Reservoir Dogs,word,fucking,85.45,85
Reservoir Dogs,death,,85.58,85
Reservoir Dogs,death,,85.58,85
Reservoir Dogs,death,,85.81,85
Reservoir Dogs,word,fucking,86.48,86
Reservoir Dogs,death,,86.55,86
Reservoir Dogs,word,fucking,86.86,86
Reservoir Dogs,word,shit,86.91,86
Reservoir Dogs,word,fucking,86.96,86
Reservoir Dogs,word,shit,87.06,87
Reservoir Dogs,word,fuck,87.73,87
Reservoir Dogs,death,,88.06,88
Reservoir Dogs,word,hell,88.38,88
Reservoir Dogs,word,shit,88.45,88
Reservoir Dogs,word,fucking,88.76,88
Reservoir Dogs,word,fucking,89.38,89
Reservoir Dogs,word,fucking,89.45,89
Reservoir Dogs,word,fucking,89.48,89
Reservoir Dogs,word,fucking,89.95,89
Reservoir Dogs,word,hell,90.1,90
Reservoir Dogs,word,bullshit,90.15,90
Reservoir Dogs,word,hell,90.3,90
Reservoir Dogs,word,fuck,90.36,90
Reservoir Dogs,word,shit,90.4,90
Reservoir Dogs,word,fucking,90.5,90
Reservoir Dogs,word,fucking,90.75,90
Reservoir Dogs,word,shit,90.88,90
Reservoir Dogs,word,cocksucker,90.91,90
Reservoir Dogs,word,fucking,91.15,91
Reservoir Dogs,word,fucking,91.35,91
Reservoir Dogs,word,fucking,91.48,91
Reservoir Dogs,word,fucking,91.75,91
Reservoir Dogs,word,fucking,91.96,91
Reservoir Dogs,word,fucking,92.01,92
Reservoir Dogs,word,goddamn,92.05,92
Reservoir Dogs,word,fucking,92.13,92
Reservoir Dogs,death,,92.15,92
Reservoir Dogs,death,,92.15,92
Reservoir Dogs,word,fucking,94.73,94
Reservoir Dogs,word,fucking,94.75,94
Reservoir Dogs,word,fucking,94.83,94
Reservoir Dogs,word,fucking,94.9,94
Reservoir Dogs,word,fucking,95.21,95
Reservoir Dogs,word,fucking,95.33,95
Reservoir Dogs,word,fucking,95.33,95
Reservoir Dogs,death,,95.4,95
Reservoir Dogs,death,,95.4,95
Pulp Fiction,word,shit,0.52,0
Pulp Fiction,word,fucking,0.82,0
Pulp Fiction,word,fuck,1.37,1
Pulp Fiction,word,fucking,1.62,1
Pulp Fiction,word,fucking,1.73,1
Pulp Fiction,word,fucking,1.77,1
Pulp Fiction,word,fucking,2.18,2
Pulp Fiction,word,fuck,2.22,2
Pulp Fiction,word,gook,2.28,2
Pulp Fiction,word,fuckers,2.28,2
Pulp Fiction,word,gooks,2.42,2
Pulp Fiction,word,fucking,2.45,2
Pulp Fiction,word,fucking,2.47,2
Pulp Fiction,word,fucking,2.53,2
Pulp Fiction,word,fuck,2.6,2
Pulp Fiction,word,fuck,3.52,3
Pulp Fiction,word,fucking,3.58,3
Pulp Fiction,word,wetback,3.67,3
Pulp Fiction,word,fuck,3.7,3
Pulp Fiction,word,fucking,4.68,4
Pulp Fiction,word,motherfucking,4.75,4
Pulp Fiction,word,fucking,7.7,7
Pulp Fiction,word,shit,7.87,7
Pulp Fiction,word,fuck,8.25,8
Pulp Fiction,word,goddamn,8.67,8
Pulp Fiction,word,fucking,8.72,8
Pulp Fiction,word,shit,8.72,8
Pulp Fiction,word,fucking,9.1,9
Pulp Fiction,word,n-word ,10.08,10
Pulp Fiction,word,fucked,10.17,10
Pulp Fiction,word,fuck,10.4,10
Pulp Fiction,word,ass,10.73,10
Pulp Fiction,word,n-word ,10.75,10
Pulp Fiction,word,n-word ,10.85,10
Pulp Fiction,word,damn,10.98,10
Pulp Fiction,word,pussy,11.52,11
Pulp Fiction,word,fucking,11.55,11
Pulp Fiction,word,bitch,11.6,11
Pulp Fiction,word,bitch,11.6,11
Pulp Fiction,word,fucking,11.63,11
Pulp Fiction,word,fucking,11.68,11
Pulp Fiction,word,fucking,11.83,11
Pulp Fiction,word,fucking,11.88,11
Pulp Fiction,word,shit,11.92,11
Pulp Fiction,word,fucking,12.03,12
Pulp Fiction,word,shit,12.07,12
Pulp Fiction,word,fuck,12.2,12
Pulp Fiction,word,fuck,12.27,12
Pulp Fiction,word,motherfucking,12.88,12
Pulp Fiction,word,fucking,12.9,12
Pulp Fiction,word,n-word ,12.92,12
Pulp Fiction,word,shit,12.93,12
Pulp Fiction,word,motherfucker,12.95,12
Pulp Fiction,word,shit,12.97,12
Pulp Fiction,word,ass,12.98,12
Pulp Fiction,word,motherfucker,13,13
Pulp Fiction,word,fucking,13.23,13
Pulp Fiction,word,fucking,13.33,13
Pulp Fiction,word,fucking,13.38,13
Pulp Fiction,word,fucking,13.43,13
Pulp Fiction,word,shit,13.47,13
Pulp Fiction,word,motherfucker,16.78,16
Pulp Fiction,word,shit,17.4,17
Pulp Fiction,word,goddamn,17.45,17
Pulp Fiction,word,ass,18.38,18
Pulp Fiction,word,shit,18.4,18
Pulp Fiction,word,fucked,18.62,18
Pulp Fiction,death,,18.7,18
Pulp Fiction,word,motherfucker,19.33,19
Pulp Fiction,word,motherfucker,19.57,19
Pulp Fiction,word,goddamn,19.58,19
Pulp Fiction,word,bitch,19.7,19
Pulp Fiction,word,bitch,19.82,19
Pulp Fiction,word,fuck,19.85,19
Pulp Fiction,word,bitch,19.85,19
Pulp Fiction,word,fuck,19.95,19
Pulp Fiction,word,fucked,20,20
Pulp Fiction,death,,20.95,20
Pulp Fiction,word,shit,21.32,21
Pulp Fiction,word,motherfucker,21.42,21
Pulp Fiction,word,motherfucking,21.82,21
Pulp Fiction,word,ass,21.88,21
Pulp Fiction,word,motherfuckers,22.03,22
Pulp Fiction,word,motherfuckers,22.08,22
Pulp Fiction,word,ass,22.1,22
Pulp Fiction,word,n-word ,23.07,23
Pulp Fiction,word,fucking,23.47,23
Pulp Fiction,word,fuck,23.52,23
Pulp Fiction,word,shit,23.7,23
Pulp Fiction,word,ass,24.07,24
Pulp Fiction,word,ass,24.23,24
Pulp Fiction,word,asses,24.4,24
Pulp Fiction,word,goddamn,24.45,24
Pulp Fiction,word,n-word ,24.45,24
Pulp Fiction,word,fucking,25.08,25
Pulp Fiction,word,goddamn,25.12,25
Pulp Fiction,word,fucking,25.17,25
Pulp Fiction,word,fucking,25.28,25
Pulp Fiction,word,shit,25.33,25
Pulp Fiction,word,fucking,25.37,25
Pulp Fiction,word,asshole,25.42,25
Pulp Fiction,word,n-word ,25.88,25
Pulp Fiction,word,ass,25.92,25
Pulp Fiction,word,shit,27.75,27
Pulp Fiction,word,fucking,27.78,27
Pulp Fiction,word,n-word ,27.88,27
Pulp Fiction,word,shit,27.98,27
Pulp Fiction,word,shit,27.98,27
Pulp Fiction,word,shit,28.03,28
Pulp Fiction,word,shit,28.08,28
Pulp Fiction,word,fucking,28.1,28
Pulp Fiction,word,fucking,28.22,28
Pulp Fiction,word,fucking,28.3,28
Pulp Fiction,word,shit,28.98,28
Pulp Fiction,word,fucker,29.43,29
Pulp Fiction,word,fucking,29.47,29
Pulp Fiction,word,fucked,29.52,29
Pulp Fiction,word,dickless,29.63,29
Pulp Fiction,word,shit,29.65,29
Pulp Fiction,word,fucked,29.67,29
Pulp Fiction,word,fucking,29.68,29
Pulp Fiction,word,asshole,29.82,29
Pulp Fiction,word,fucker,29.88,29
Pulp Fiction,word,chickenshit,29.92,29
Pulp Fiction,word,fucking,29.92,29
Pulp Fiction,word,fuck,29.97,29
Pulp Fiction,word,fuck,34.25,34
Pulp Fiction,word,hell,37.02,37
Pulp Fiction,word,hell,37.03,37
Pulp Fiction,word,goddamn,41.05,41
Pulp Fiction,word,fucking,41.05,41
Pulp Fiction,word,fucking,41.12,41
Pulp Fiction,word,bullshit,41.9,41
Pulp Fiction,word,fuck,42.1,42
Pulp Fiction,word,goddamn,42.98,42
Pulp Fiction,word,goddamn,43,43
Pulp Fiction,word,goddamn,43.03,43
Pulp Fiction,word,fucking,54.58,54
Pulp Fiction,word,fuck,54.63,54
Pulp Fiction,word,fuck,54.67,54
Pulp Fiction,word,fuck,54.68,54
Pulp Fiction,word,fucking,54.97,54
Pulp Fiction,word,fuck,55,55
Pulp Fiction,word,fuck,55.48,55
Pulp Fiction,word,goddamn,55.75,55
Pulp Fiction,word,fucking,55.83,55
Pulp Fiction,word,assholes,55.83,55
Pulp Fiction,word,fucking,55.93,55
Pulp Fiction,word,asshole,55.93,55
Pulp Fiction,word,fucking,56.1,56
Pulp Fiction,word,fucking,56.22,56
Pulp Fiction,word,fucking,56.28,56
Pulp Fiction,word,fucked,56.32,56
Pulp Fiction,word,fucking,56.38,56
Pulp Fiction,word,fucking,56.45,56
Pulp Fiction,word,fucking,56.53,56
Pulp Fiction,word,fucked,56.55,56
Pulp Fiction,word,fucking,56.55,56
Pulp Fiction,word,hell,56.92,56
Pulp Fiction,word,fucking,56.98,56
Pulp Fiction,word,shit,57.02,57
Pulp Fiction,word,fuck,57.03,57
Pulp Fiction,word,fucking,57.05,57
Pulp Fiction,word,fucked,57.12,57
Pulp Fiction,word,bitch,57.12,57
Pulp Fiction,word,fucked,57.17,57
Pulp Fiction,word,bitch,57.18,57
Pulp Fiction,word,fucking,57.25,57
Pulp Fiction,word,fucking,57.38,57
Pulp Fiction,word,shit,57.45,57
Pulp Fiction,word,shit,57.57,57
Pulp Fiction,word,goddamn,57.62,57
Pulp Fiction,word,fuck,57.63,57
Pulp Fiction,word,hell,57.82,57
Pulp Fiction,word,fucking,57.85,57
Pulp Fiction,word,fuck,57.85,57
Pulp Fiction,word,fuck,57.87,57
Pulp Fiction,word,fucking,57.88,57
Pulp Fiction,word,bitch,57.9,57
Pulp Fiction,word,fuck,57.98,57
Pulp Fiction,word,fucking,58.15,58
Pulp Fiction,word,fucking,58.48,58
Pulp Fiction,word,fuck,58.87,58
Pulp Fiction,word,fucking,58.88,58
Pulp Fiction,word,fucking,59.05,59
Pulp Fiction,word,fucking,59.27,59
Pulp Fiction,word,fuck,59.32,59
Pulp Fiction,word,bitch,59.65,59
Pulp Fiction,word,fucking,59.97,59
Pulp Fiction,word,fucking,60.15,60
Pulp Fiction,word,fucking,60.93,60
Pulp Fiction,word,hell,64.47,64
Pulp Fiction,word,gooks,67.33,67
Pulp Fiction,word,damned,67.5,67
Pulp Fiction,word,slope,67.5,67
Pulp Fiction,word,ass,67.6,67
Pulp Fiction,word,ass,67.67,67
Pulp Fiction,word,ass,67.78,67
Pulp Fiction,word,ass,70.3,70
Pulp Fiction,word,ass,70.38,70
Pulp Fiction,word,goddamn,70.4,70
Pulp Fiction,word,motherfucker,70.5,70
Pulp Fiction,word,n-word ,70.55,70
Pulp Fiction,word,ass,70.6,70
Pulp Fiction,word,shit,72.98,72
Pulp Fiction,word,fuck,73.78,73
Pulp Fiction,word,fuck,73.92,73
Pulp Fiction,word,fucking,74.02,74
Pulp Fiction,word,fuck,74.12,74
Pulp Fiction,word,fuck,74.45,74
Pulp Fiction,word,goddamn,74.72,74
Pulp Fiction,word,damn,77.47,77
Pulp Fiction,word,fuckhead,80.7,80
Pulp Fiction,word,merde,82.75,82
Pulp Fiction,word,fucking,84.95,84
Pulp Fiction,word,fuck,84.95,84
Pulp Fiction,word,fuck,85.28,85
Pulp Fiction,word,fucking,85.42,85
Pulp Fiction,word,shit,85.58,85
Pulp Fiction,word,fucking,85.65,85
Pulp Fiction,word,fuck,85.78,85
Pulp Fiction,word,fuck,86.03,86
Pulp Fiction,word,fuck,86.03,86
Pulp Fiction,word,fuck,86.05,86
Pulp Fiction,word,motherfucker,86.07,86
Pulp Fiction,word,fuck,86.1,86
Pulp Fiction,word,fucking,86.15,86
Pulp Fiction,word,fucking,86.15,86
Pulp Fiction,word,fuck,86.8,86
Pulp Fiction,word,shit,88.03,88
Pulp Fiction,word,fucking,88.05,88
Pulp Fiction,word,fucking,88.07,88
Pulp Fiction,death,,91.75,91
Pulp Fiction,word,motherfucker,94.7,94
Pulp Fiction,word,damned,95.35,95
Pulp Fiction,word,fuck,96.08,96
Pulp Fiction,word,motherfucker,96.2,96
Pulp Fiction,word,fucking,96.32,96
Pulp Fiction,word,shit,96.33,96
Pulp Fiction,word,motherfucking,96.45,96
Pulp Fiction,word,goddamn,96.5,96
Pulp Fiction,word,n-word ,96.78,96
Pulp Fiction,word,n-word ,100.53,100
Pulp Fiction,word,goddamn,102.35,102
Pulp Fiction,word,goddamn,102.38,102
Pulp Fiction,word,fucker,102.63,102
Pulp Fiction,word,motherfucker,102.67,102
Pulp Fiction,word,motherfucker,103.35,103
Pulp Fiction,word,fuck,103.93,103
Pulp Fiction,word,fuck,104.88,104
Pulp Fiction,word,fuck,104.95,104
Pulp Fiction,death,,105.45,105
Pulp Fiction,word,fuck,106.4,106
Pulp Fiction,word,fucking,106.62,106
Pulp Fiction,word,n-word ,107.08,107
Pulp Fiction,word,damn,107.33,107
Pulp Fiction,word,ass,107.37,107
Pulp Fiction,word,ass,108.22,108
Pulp Fiction,word,ass,108.73,108
Pulp Fiction,word,shit,109.97,109
Pulp Fiction,word,fuck,110,110
Pulp Fiction,word,fucking,110.7,110
Pulp Fiction,word,fucking,111.15,111
Pulp Fiction,word,fuck,111.73,111
Pulp Fiction,word,fucked,111.78,111
Pulp Fiction,death,,112.73,112
Pulp Fiction,word,fucked,112.87,112
Pulp Fiction,word,fucked,112.87,112
Pulp Fiction,word,fuck,112.88,112
Pulp Fiction,word,goddamn,112.95,112
Pulp Fiction,word,damn,112.97,112
Pulp Fiction,word,fuck,112.98,112
Pulp Fiction,word,shit,113.08,113
Pulp Fiction,word,motherfuckers,113.13,113
Pulp Fiction,death,,113.37,113
Pulp Fiction,word,fuck,113.65,113
Pulp Fiction,word,goddamn,113.75,113
Pulp Fiction,word,fucking,113.93,113
Pulp Fiction,word,shit,114.03,114
Pulp Fiction,word,motherfucking,114.43,114
Pulp Fiction,word,fucking,114.52,114
Pulp Fiction,word,shit,114.53,114
Pulp Fiction,word,fucking,114.57,114
Pulp Fiction,word,shit,114.6,114
Pulp Fiction,word,shit,114.63,114
Pulp Fiction,word,fucking,114.75,114
Pulp Fiction,word,fucking,114.85,114
Pulp Fiction,word,n-word ,115.08,115
Pulp Fiction,word,shit,115.12,115
Pulp Fiction,word,fucking,115.53,115
Pulp Fiction,word,fuck,115.55,115
Pulp Fiction,word,ass,115.63,115
Pulp Fiction,word,goddamn,115.68,115
Pulp Fiction,word,fucking,115.72,115
Pulp Fiction,word,ass,115.87,115
Pulp Fiction,word,damn,115.88,115
Pulp Fiction,death,,116.08,116
Pulp Fiction,word,fuck,116.1,116
Pulp Fiction,word,shit,116.12,116
Pulp Fiction,word,fuck,116.17,116
Pulp Fiction,word,ass,116.23,116
Pulp Fiction,word,shit,116.23,116
Pulp Fiction,word,motherfucking,116.33,116
Pulp Fiction,word,bitch,116.38,116
Pulp Fiction,word,fucking,116.42,116
Pulp Fiction,word,motherfucker,116.5,116
Pulp Fiction,word,shit,116.55,116
Pulp Fiction,word,fucking,116.57,116
Pulp Fiction,word,fucking,116.67,116
Pulp Fiction,word,shit,116.7,116
Pulp Fiction,word,ass,116.83,116
Pulp Fiction,word,fuck,116.85,116
Pulp Fiction,word,fucking,117.02,117
Pulp Fiction,word,shit,117.02,117
Pulp Fiction,word,fucking,117.13,117
Pulp Fiction,word,asses,117.18,117
Pulp Fiction,word,shit,117.52,117
Pulp Fiction,word,shit,117.53,117
Pulp Fiction,word,shit,117.6,117
Pulp Fiction,word,ass,117.63,117
Pulp Fiction,word,fuck,117.65,117
Pulp Fiction,word,n-word ,117.65,117
Pulp Fiction,word,fuck,117.67,117
Pulp Fiction,word,shit,117.78,117
Pulp Fiction,word,fucking,117.87,117
Pulp Fiction,word,goddamn,117.9,117
Pulp Fiction,word,shit,117.98,117
Pulp Fiction,word,goddamn,118.4,118
Pulp Fiction,word,shit,118.45,118
Pulp Fiction,word,shit,118.58,118
Pulp Fiction,word,fucking,118.68,118
Pulp Fiction,word,shit,118.77,118
Pulp Fiction,word,n-word ,118.92,118
Pulp Fiction,word,n-word ,119.07,119
Pulp Fiction,word,shit,119.12,119
Pulp Fiction,word,n-word ,119.17,119
Pulp Fiction,word,n-word ,119.3,119
Pulp Fiction,word,fucking,119.32,119
Pulp Fiction,word,motherfucker,119.37,119
Pulp Fiction,word,fucking,119.4,119
Pulp Fiction,word,fucking,119.52,119
Pulp Fiction,word,fucking,119.57,119
Pulp Fiction,word,fucking,119.72,119
Pulp Fiction,word,fucking,119.77,119
Pulp Fiction,word,fuck,120.12,120
Pulp Fiction,word,fuck,120.18,120
Pulp Fiction,word,shit,120.18,120
Pulp Fiction,word,fuck,120.25,120
Pulp Fiction,word,shit,120.25,120
Pulp Fiction,word,fucking,120.27,120
Pulp Fiction,word,shit,120.27,120
Pulp Fiction,word,fuck,120.3,120
Pulp Fiction,word,shit,120.3,120
Pulp Fiction,word,fucking,120.55,120
Pulp Fiction,word,shit,120.55,120
Pulp Fiction,word,shit,120.83,120
Pulp Fiction,word,motherfucking,121.03,121
Pulp Fiction,word,ass,121.07,121
Pulp Fiction,word,motherfucker,121.12,121
Pulp Fiction,word,n-word ,121.13,121
Pulp Fiction,word,motherfucker,121.27,121
Pulp Fiction,word,n-word ,121.32,121
Pulp Fiction,word,motherfucker,121.45,121
Pulp Fiction,word,shit,121.47,121
Pulp Fiction,word,motherfucker,123.85,123
Pulp Fiction,word,fucking,125.57,125
Pulp Fiction,word,fucking,126,126
Pulp Fiction,word,ass,128,128
Pulp Fiction,word,shit,128,128
Pulp Fiction,word,fucked,128.03,128
Pulp Fiction,word,shit,128.03,128
Pulp Fiction,word,fuck,128.17,128
Pulp Fiction,word,shit,128.18,128
Pulp Fiction,word,motherfucker,128.2,128
Pulp Fiction,word,shit,128.22,128
Pulp Fiction,word,ass,128.27,128
Pulp Fiction,word,fucking,128.35,128
Pulp Fiction,word,fucking,128.4,128
Pulp Fiction,word,fucking,128.43,128
Pulp Fiction,word,motherfucker,128.53,128
Pulp Fiction,word,motherfucker,128.53,128
Pulp Fiction,word,fuck,128.67,128
Pulp Fiction,word,motherfucker,128.68,128
Pulp Fiction,word,fucking,128.73,128
Pulp Fiction,word,n-word ,128.78,128
Pulp Fiction,word,dicks,129.12,129
Pulp Fiction,word,shit,129.52,129
Pulp Fiction,word,ass,129.33,129
Pulp Fiction,word,goddamn,129.5,129
Pulp Fiction,word,shit,129.83,129
Pulp Fiction,word,goddamn,130.08,130
Pulp Fiction,word,fucking,130.1,130
Pulp Fiction,word,fuck,130.22,130
Pulp Fiction,word,fuck,130.22,130
Pulp Fiction,word,damn,130.25,130
Pulp Fiction,word,goddamn,130.3,130
Pulp Fiction,word,motherfucker,130.9,130
Pulp Fiction,word,fucking,131.5,131
Pulp Fiction,word,shit,131.57,131
Pulp Fiction,word,fucking,131.85,131
Pulp Fiction,word,fucking,133.48,133
Pulp Fiction,word,fucking,133.55,133
Pulp Fiction,word,fucking,133.63,133
Pulp Fiction,word,motherfuckers,134,134
Pulp Fiction,word,shit,134.05,134
Pulp Fiction,word,motherfucking,134.55,134
Pulp Fiction,word,shit,134.85,134
Pulp Fiction,word,shit,135.35,135
Pulp Fiction,word,shit,135.38,135
Pulp Fiction,word,fucking,135.47,135
Pulp Fiction,word,shit,135.48,135
Pulp Fiction,word,fucking,135.77,135
Pulp Fiction,word,fuck,135.93,135
Pulp Fiction,word,shit,136.6,136
Pulp Fiction,word,fucking,136.8,136
Pulp Fiction,word,fucking,137.05,137
Pulp Fiction,word,shit,137.22,137
Pulp Fiction,word,fuck,137.57,137
Pulp Fiction,word,fucking,137.93,137
Pulp Fiction,word,motherfuckers,138,138
Pulp Fiction,word,fuck,138.1,138
Pulp Fiction,word,fucking,138.22,138
Pulp Fiction,word,fuck,138.23,138
Pulp Fiction,word,fuck,138.28,138
Pulp Fiction,word,fucking,138.3,138
Pulp Fiction,word,fucking,138.33,138
Pulp Fiction,word,fucking,138.37,138
Pulp Fiction,word,fuck,138.43,138
Pulp Fiction,word,fucking,138.48,138
Pulp Fiction,word,fucking,138.65,138
Pulp Fiction,word,fucking,138.68,138
Pulp Fiction,word,fuck,138.87,138
Pulp Fiction,word,fucking,139,139
Pulp Fiction,word,fuck,139.23,139
Pulp Fiction,word,fucking,139.53,139
Pulp Fiction,word,fucking,139.6,139
Pulp Fiction,word,fucking,139.75,139
Pulp Fiction,word,fucking,139.85,139
Pulp Fiction,word,fucking,139.97,139
Pulp Fiction,word,fuck,140.05,140
Pulp Fiction,word,shit,140.72,140
Pulp Fiction,word,fucking,141.05,141
Pulp Fiction,word,fuck,141.15,141
Pulp Fiction,word,goddamn,141.18,141
Pulp Fiction,word,fucking,141.43,141
Pulp Fiction,word,goddamn,142.23,142
Pulp Fiction,word,bitch,142.37,142
Pulp Fiction,word,bitch,142.4,142
Pulp Fiction,word,bitch,142.42,142
Pulp Fiction,word,fucking,142.45,142
Pulp Fiction,word,bitch,142.45,142
Pulp Fiction,word,fucking,142.5,142
Pulp Fiction,word,bitch,142.5,142
Pulp Fiction,word,motherfuckers,143.77,143
Pulp Fiction,word,motherfuckers,143.8,143
Pulp Fiction,word,asses,144.25,144
Pulp Fiction,word,fucking,144.27,144
Pulp Fiction,word,shit,144.3,144
Pulp Fiction,word,shit,144.48,144
Pulp Fiction,word,ass,144.53,144
Pulp Fiction,word,goddamn,144.82,144
Pulp Fiction,word,motherfucker,145.38,145
Pulp Fiction,word,motherfucker,145.68,145
Pulp Fiction,word,fucking,146.23,146
Pulp Fiction,word,goddamn,146.3,146
Pulp Fiction,word,motherfucking,146.32,146
Pulp Fiction,word,fuck,146.35,146
Pulp Fiction,word,ass,146.67,146
Pulp Fiction,word,shit,147.43,147
Pulp Fiction,word,ass,147.48,147
Pulp Fiction,word,shit,147.58,147
Pulp Fiction,word,motherfucker,147.6,147
Pulp Fiction,word,ass,147.62,147
Pulp Fiction,word,shit,147.65,147
Pulp Fiction,word,ass,147.9,147
Pulp Fiction,word,shit,148.15,148
Kill Bill: Vol. 1,word,bitch,7.12,7
Kill Bill: Vol. 1,word,ass,8.1,8
Kill Bill: Vol. 1,word,damn,8.12,8
Kill Bill: Vol. 1,word,bitch,10.45,10
Kill Bill: Vol. 1,word,shit,10.5,10
Kill Bill: Vol. 1,word,fucked,10.95,10
Kill Bill: Vol. 1,word,fucked,10.98,10
Kill Bill: Vol. 1,word,bitch,11.87,11
Kill Bill: Vol. 1,word,goddamn,12.17,12
Kill Bill: Vol. 1,word,fucking,12.17,12
Kill Bill: Vol. 1,word,bitch,12.48,12
Kill Bill: Vol. 1,word,fuck,13.07,13
Kill Bill: Vol. 1,word,bitch,13.08,13
Kill Bill: Vol. 1,word,shit,13.13,13
Kill Bill: Vol. 1,word,motherfucking,13.18,13
Kill Bill: Vol. 1,word,ass,13.18,13
Kill Bill: Vol. 1,word,motherfucking,13.28,13
Kill Bill: Vol. 1,word,bitch,13.42,13
Kill Bill: Vol. 1,death,,13.53,13
Kill Bill: Vol. 1,word,goddamn,17.2,17
Kill Bill: Vol. 1,word,hell,17.58,17
Kill Bill: Vol. 1,word,goddamn,18.02,18
Kill Bill: Vol. 1,word,shit,18.07,18
Kill Bill: Vol. 1,word,goddamn,19.32,19
Kill Bill: Vol. 1,word,cocksucker,19.73,19
Kill Bill: Vol. 1,word,fuck,22.93,22
Kill Bill: Vol. 1,word,shit,23.4,23
Kill Bill: Vol. 1,word,shit,23.45,23
Kill Bill: Vol. 1,word,fucking,25.02,25
Kill Bill: Vol. 1,word,shithead,25.12,25
Kill Bill: Vol. 1,word,fuck,28.03,28
Kill Bill: Vol. 1,word,cunt,28.43,28
Kill Bill: Vol. 1,word,shit,28.88,28
Kill Bill: Vol. 1,word,goddamn,29.37,29
Kill Bill: Vol. 1,death,,29.75,29
Kill Bill: Vol. 1,word,bullshit,31.07,31
Kill Bill: Vol. 1,word,shit,31.32,31
Kill Bill: Vol. 1,word,fuck,31.42,31
Kill Bill: Vol. 1,word,fuck,31.6,31
Kill Bill: Vol. 1,death,,31.68,31
Kill Bill: Vol. 1,word,pussy,32.12,32
Kill Bill: Vol. 1,word,fucker,32.15,32
Kill Bill: Vol. 1,word,cunts,35.15,35
Kill Bill: Vol. 1,word,dicks,35.22,35
Kill Bill: Vol. 1,death,,37.65,37
Kill Bill: Vol. 1,death,,39.57,39
Kill Bill: Vol. 1,death,,41.03,41
Kill Bill: Vol. 1,death,,42.57,42
Kill Bill: Vol. 1,death,,42.77,42
Kill Bill: Vol. 1,death,,43.48,43
Kill Bill: Vol. 1,word,shit,46.45,46
Kill Bill: Vol. 1,word,bastard,46.47,46
Kill Bill: Vol. 1,word,ass,46.63,46
Kill Bill: Vol. 1,word,goddamn,47.97,47
Kill Bill: Vol. 1,word,hell,48.03,48
Kill Bill: Vol. 1,word,damn,48.6,48
Kill Bill: Vol. 1,death,,60.57,60
Kill Bill: Vol. 1,word,bastard,62.33,62
Kill Bill: Vol. 1,word,fuckface,62.35,62
Kill Bill: Vol. 1,word,bitch,62.87,62
Kill Bill: Vol. 1,death,,62.97,62
Kill Bill: Vol. 1,word,fucking,64.2,64
Kill Bill: Vol. 1,word,fucker,64.23,64
Kill Bill: Vol. 1,word,bitches,64.32,64
Kill Bill: Vol. 1,word,fucking,64.38,64
Kill Bill: Vol. 1,word,goddamn,73.48,73
Kill Bill: Vol. 1,death,,75.77,75
Kill Bill: Vol. 1,death,,76.02,76
Kill Bill: Vol. 1,death,,76.02,76
Kill Bill: Vol. 1,death,,76.02,76
Kill Bill: Vol. 1,death,,76.48,76
Kill Bill: Vol. 1,death,,77.02,77
Kill Bill: Vol. 1,death,,80.32,80
Kill Bill: Vol. 1,death,,82.95,82
Kill Bill: Vol. 1,death,,82.98,82
Kill Bill: Vol. 1,death,,83,83
Kill Bill: Vol. 1,death,,83.03,83
Kill Bill: Vol. 1,death,,83.05,83
Kill Bill: Vol. 1,death,,83.05,83
Kill Bill: Vol. 1,death,,83.05,83
Kill Bill: Vol. 1,death,,83.08,83
Kill Bill: Vol. 1,death,,83.12,83
Kill Bill: Vol. 1,death,,83.18,83
Kill Bill: Vol. 1,death,,83.38,83
Kill Bill: Vol. 1,death,,83.42,83
Kill Bill: Vol. 1,death,,83.48,83
Kill Bill: Vol. 1,death,,83.65,83
Kill Bill: Vol. 1,death,,83.72,83
Kill Bill: Vol. 1,death,,83.83,83
Kill Bill: Vol. 1,death,,83.88,83
Kill Bill: Vol. 1,death,,83.93,83
Kill Bill: Vol. 1,death,,84.05,84
Kill Bill: Vol. 1,death,,84.18,84
Kill Bill: Vol. 1,death,,84.23,84
Kill Bill: Vol. 1,death,,84.27,84
Kill Bill: Vol. 1,death,,84.58,84
Kill Bill: Vol. 1,death,,84.92,84
Kill Bill: Vol. 1,death,,84.92,84
Kill Bill: Vol. 1,death,,85,85
Kill Bill: Vol. 1,death,,85.08,85
Kill Bill: Vol. 1,death,,85.1,85
Kill Bill: Vol. 1,death,,85.2,85
Kill Bill: Vol. 1,death,,85.25,85
Kill Bill: Vol. 1,death,,85.25,85
Kill Bill: Vol. 1,death,,85.28,85
Kill Bill: Vol. 1,death,,85.38,85
Kill Bill: Vol. 1,death,,85.47,85
Kill Bill: Vol. 1,death,,85.98,85
Kill Bill: Vol. 1,death,,86.05,86
Kill Bill: Vol. 1,death,,86.15,86
Kill Bill: Vol. 1,death,,86.2,86
Kill Bill: Vol. 1,death,,86.27,86
Kill Bill: Vol. 1,death,,86.35,86
Kill Bill: Vol. 1,death,,86.4,86
Kill Bill: Vol. 1,death,,87.52,87
Kill Bill: Vol. 1,death,,87.63,87
Kill Bill: Vol. 1,word,fucking,88.18,88
Kill Bill: Vol. 1,death,,88.95,88
Kill Bill: Vol. 1,death,,97.6,97
Kill Bill: Vol. 1,word,hell,100.1,100
Kill Bill: Vol. 2,word,hell,1.18,1
Kill Bill: Vol. 2,word,bitch,4.83,4
Kill Bill: Vol. 2,word,ass,9.02,9
Kill Bill: Vol. 2,word,cockblockery,9.62,9
Kill Bill: Vol. 2,word,goddamn,11.38,11
Kill Bill: Vol. 2,word,damn,12.82,12
Kill Bill: Vol. 2,death,,14.38,14
Kill Bill: Vol. 2,death,,14.38,14
Kill Bill: Vol. 2,death,,14.38,14
Kill Bill: Vol. 2,death,,14.38,14
Kill Bill: Vol. 2,death,,14.38,14
Kill Bill: Vol. 2,death,,14.38,14
Kill Bill: Vol. 2,death,,14.38,14
Kill Bill: Vol. 2,death,,14.38,14
Kill Bill: Vol. 2,death,,14.38,14
Kill Bill: Vol. 2,word,japs,15.53,15
Kill Bill: Vol. 2,word,jew (verb),17.33,17
Kill Bill: Vol. 2,word,fucking,18.7,18
Kill Bill: Vol. 2,word,ass,18.72,18
Kill Bill: Vol. 2,word,fucking,19.37,19
Kill Bill: Vol. 2,word,asshole,20.17,20
Kill Bill: Vol. 2,word,fucking,20.3,20
Kill Bill: Vol. 2,word,fucking,20.57,20
Kill Bill: Vol. 2,word,fucking,20.98,20
Kill Bill: Vol. 2,word,fucking,21.37,21
Kill Bill: Vol. 2,word,fucking,21.42,21
Kill Bill: Vol. 2,word,fucking,21.52,21
Kill Bill: Vol. 2,word,shit,21.8,21
Kill Bill: Vol. 2,word,shitty,22.5,22
Kill Bill: Vol. 2,word,ass,26.62,26
Kill Bill: Vol. 2,word,shit,27.03,27
Kill Bill: Vol. 2,word,bitch,28.93,28
Kill Bill: Vol. 2,word,ass,29.92,29
Kill Bill: Vol. 2,word,damn,30.47,30
Kill Bill: Vol. 2,word,bitch,33.02,33
Kill Bill: Vol. 2,word,pussy,33.15,33
Kill Bill: Vol. 2,word,pussy,33.23,33
Kill Bill: Vol. 2,word,ass,34.6,34
Kill Bill: Vol. 2,word,goddamn,34.7,34
Kill Bill: Vol. 2,word,fucking,34.77,34
Kill Bill: Vol. 2,word,bastards,44.12,44
Kill Bill: Vol. 2,word,fucker,44.65,44
Kill Bill: Vol. 2,word,ass,47.13,47
Kill Bill: Vol. 2,word,goddamn,49.2,49
Kill Bill: Vol. 2,word,japs,49.2,49
Kill Bill: Vol. 2,word,goddamn,50.93,50
Kill Bill: Vol. 2,word,fucked,65.67,65
Kill Bill: Vol. 2,word,horeshit,68.4,68
Kill Bill: Vol. 2,word,shit,72.45,72
Kill Bill: Vol. 2,death,,72.67,72
Kill Bill: Vol. 2,word,bitch,78.9,78
Kill Bill: Vol. 2,word,fucking,79.88,79
Kill Bill: Vol. 2,word,bitch,79.88,79
Kill Bill: Vol. 2,word,fucking,79.93,79
Kill Bill: Vol. 2,word,fuck,79.93,79
Kill Bill: Vol. 2,word,fucking,80.28,80
Kill Bill: Vol. 2,word,fucking,80.63,80
Kill Bill: Vol. 2,word,shit,80.75,80
Kill Bill: Vol. 2,word,pussy,85.35,85
Kill Bill: Vol. 2,word,pussy,85.4,85
Kill Bill: Vol. 2,word,fucking,102.12,102
Kill Bill: Vol. 2,word,goddamn,103.23,103
Kill Bill: Vol. 2,word,fuck,103.28,103
Kill Bill: Vol. 2,word,shit,104.63,104
Kill Bill: Vol. 2,word,ass,107.43,107
Kill Bill: Vol. 2,word,fuck,110.23,110
Kill Bill: Vol. 2,word,fucking,110.93,110
Kill Bill: Vol. 2,word,bitch,110.97,110
Kill Bill: Vol. 2,word,fucking,111.05,111
Kill Bill: Vol. 2,word,bullshit,111.58,111
Kill Bill: Vol. 2,word,shitless,111.92,111
Kill Bill: Vol. 2,word,fucking,112.52,112
Kill Bill: Vol. 2,word,shit,112.52,112
Kill Bill: Vol. 2,word,fucking,116.28,116
Kill Bill: Vol. 2,word,assholes,116.28,116
Kill Bill: Vol. 2,word,fucking,116.57,116
Kill Bill: Vol. 2,word,bastard,117.25,117
Kill Bill: Vol. 2,word,bastard,117.35,117
Kill Bill: Vol. 2,word,cunt,119.58,119
Kill Bill: Vol. 2,death,,121.12,121
Inglorious Basterds,death,,20.35,20
Inglorious Basterds,death,,20.35,20
Inglorious Basterds,death,,20.35,20
Inglorious Basterds,death,,20.35,20
Inglorious Basterds,word,hell,22.2,22
Inglorious Basterds,word,goddamn,22.22,22
Inglorious Basterds,word,fucking,22.32,22
Inglorious Basterds,word,bitch,22.55,22
Inglorious Basterds,death,,28.57,28
Inglorious Basterds,death,,28.63,28
Inglorious Basterds,death,,28.8,28
Inglorious Basterds,death,,29.07,29
Inglorious Basterds,death,,29.22,29
Inglorious Basterds,death,,29.23,29
Inglorious Basterds,death,,29.25,29
Inglorious Basterds,death,,29.93,29
Inglorious Basterds,word,fucking,30.93,30
Inglorious Basterds,word,goddamn,31.05,31
Inglorious Basterds,word,goddamn,32.52,32
Inglorious Basterds,word,ass,32.65,32
Inglorious Basterds,word,fuck,32.97,32
Inglorious Basterds,death,,34.77,34
Inglorious Basterds,word,shitting,34.9,34
Inglorious Basterds,word,fucking,34.97,34
Inglorious Basterds,word,fucking,35.05,35
Inglorious Basterds,word,fucking,35.1,35
Inglorious Basterds,death,,35.17,35
Inglorious Basterds,word,damn,35.2,35
Inglorious Basterds,word,fuck,35.3,35
Inglorious Basterds,word,ass,48.17,48
Inglorious Basterds,word,negro ,48.68,48
Inglorious Basterds,word,shit,51.48,51
Inglorious Basterds,word,hell,52.55,52
Inglorious Basterds,word,negro ,58.43,58
Inglorious Basterds,word,negro ,59.38,59
Inglorious Basterds,word,negro ,59.57,59
Inglorious Basterds,word,fuck,61.83,61
Inglorious Basterds,word,goddamn,69.48,69
Inglorious Basterds,word,fucking,69.5,69
Inglorious Basterds,word,squaw,73,73
Inglorious Basterds,word,ass,75.83,75
Inglorious Basterds,word,negro ,86.97,86
Inglorious Basterds,word,slut,90.53,90
Inglorious Basterds,word,hell,92.03,92
Inglorious Basterds,word,damn,92.27,92
Inglorious Basterds,death,,92.68,92
Inglorious Basterds,death,,92.68,92
Inglorious Basterds,death,,92.7,92
Inglorious Basterds,death,,92.72,92
Inglorious Basterds,death,,92.73,92
Inglorious Basterds,death,,92.75,92
Inglorious Basterds,death,,92.77,92
Inglorious Basterds,death,,92.83,92
Inglorious Basterds,death,,92.87,92
Inglorious Basterds,death,,92.87,92
Inglorious Basterds,word,fucking,96.87,96
Inglorious Basterds,death,,96.95,96
Inglorious Basterds,word,goddamn,97.12,97
Inglorious Basterds,word,fuck,97.53,97
Inglorious Basterds,word,hell,100.97,100
Inglorious Basterds,word,damn,101,101
Inglorious Basterds,word,fuck,101.82,101
Inglorious Basterds,word,ass,102.68,102
Inglorious Basterds,word,shit,103.4,103
Inglorious Basterds,word,fucking,103.82,103
Inglorious Basterds,death,,104.6,104
Inglorious Basterds,death,,104.6,104
Inglorious Basterds,death,,104.6,104
Inglorious Basterds,death,,104.6,104
Inglorious Basterds,word,fucker,107.77,107
Inglorious Basterds,word,fuck,107.82,107
Inglorious Basterds,word,ass,111.43,111
Inglorious Basterds,death,,121.13,121
Inglorious Basterds,word,fucking,121.53,121
Inglorious Basterds,word,shithead,121.53,121
Inglorious Basterds,word,fuck,121.55,121
Inglorious Basterds,word,fuck,121.57,121
Inglorious Basterds,word,shithead,121.62,121
Inglorious Basterds,word,fuck,121.63,121
Inglorious Basterds,word,fuck,121.68,121
Inglorious Basterds,word,goddamn,121.77,121
Inglorious Basterds,word,bitches,121.78,121
Inglorious Basterds,word,goddamn,121.87,121
Inglorious Basterds,word,damn,124.72,124
Inglorious Basterds,word,shit,137.82,137
Inglorious Basterds,word,ass,138.93,138
Inglorious Basterds,death,,141.47,141
Inglorious Basterds,death,,141.53,141
Inglorious Basterds,death,,142.42,142
Inglorious Basterds,death,,142.52,142
Inglorious Basterds,death,,144.17,144
Inglorious Basterds,death,,144.17,144
Inglorious Basterds,death,,144.2,144
Inglorious Basterds,death,,144.63,144
Inglorious Basterds,death,,144.63,144
Inglorious Basterds,death,,144.65,144
Inglorious Basterds,death,,144.67,144
Inglorious Basterds,death,,144.68,144
Inglorious Basterds,death,,144.85,144
Inglorious Basterds,death,,144.85,144
Inglorious Basterds,death,,144.85,144
Inglorious Basterds,death,,145.1,145
Inglorious Basterds,death,,145.6,145
Inglorious Basterds,death,,147.37,147
Inglorious Basterds,word,fuck,147.62,147
Inglorious Basterds,word,goddamn,148.73,148
Django Unchained,word,goddamn,7.23,7
Django Unchained,death,,7.75,7
Django Unchained,word,goddamn,8.37,8
Django Unchained,word,bitch,8.38,8
Django Unchained,word,damn,8.65,8
Django Unchained,word,fucking,8.87,8
Django Unchained,word,damn,8.88,8
Django Unchained,word,n-word ,9.8,9
Django Unchained,word,goddamn,10.07,10
Django Unchained,word,hell,10.53,10
Django Unchained,death,,12.63,12
Django Unchained,word,n-word ,13.57,13
Django Unchained,word,n-word ,14.07,14
Django Unchained,word,hell,14.75,14
Django Unchained,word,n-word ,14.78,14
Django Unchained,word,ass,19.37,19
Django Unchained,death,,19.62,19
Django Unchained,word,goddamn,20.25,20
Django Unchained,word,n-word ,20.47,20
Django Unchained,word,hell,22.67,22
Django Unchained,word,n-word ,24.98,24
Django Unchained,word,n-word ,28.55,28
Django Unchained,word,n-word ,28.65,28
Django Unchained,word,n-word ,28.8,28
Django Unchained,word,n-word ,29.38,29
Django Unchained,word,n-word ,29.5,29
Django Unchained,word,n-word ,29.65,29
Django Unchained,word,n-word ,31.07,31
Django Unchained,word,n-word ,31.1,31
Django Unchained,word,damn,33.12,33
Django Unchained,death,,36.47,36
Django Unchained,word,goddamn,36.55,36
Django Unchained,word,bitch,36.57,36
Django Unchained,death,,37.45,37
Django Unchained,death,,38.03,38
Django Unchained,word,bitches,40.92,40
Django Unchained,word,n-word ,41.68,41
Django Unchained,word,n-word ,42.02,42
Django Unchained,word,fucking,42.23,42
Django Unchained,word,shit,42.23,42
Django Unchained,word,fucking,42.33,42
Django Unchained,word,shit,42.38,42
Django Unchained,word,goddamn,42.45,42
Django Unchained,word,shit,42.47,42
Django Unchained,word,goddamn,42.5,42
Django Unchained,word,shit,43.12,43
Django Unchained,word,fucking,43.22,43
Django Unchained,word,fucking,43.25,43
Django Unchained,word,fucking,43.27,43
Django Unchained,word,fuck,43.28,43
Django Unchained,word,bitches,43.42,43
Django Unchained,word,n-word ,43.65,43
Django Unchained,word,goddamn,44.3,44
Django Unchained,word,fucking,44.42,44
Django Unchained,word,shit,44.55,44
Django Unchained,word,n-word ,44.58,44
Django Unchained,word,n-word ,44.63,44
Django Unchained,word,n-word ,44.67,44
Django Unchained,word,shit,45.5,45
Django Unchained,death,,45.78,45
Django Unchained,word,hell,47.65,47
Django Unchained,word,hell,48.3,48
Django Unchained,word,damn,53.08,53
Django Unchained,death,,55.07,55
Django Unchained,death,,56.58,56
Django Unchained,death,,56.62,56
Django Unchained,death,,56.63,56
Django Unchained,death,,56.65,56
Django Unchained,word,n-word ,59.42,59
Django Unchained,word,goddamned,59.65,59
Django Unchained,word,n-word ,59.75,59
Django Unchained,word,fuck,60.5,60
Django Unchained,word,fucking,62.22,62
Django Unchained,word,n-word ,63.2,63
Django Unchained,word,n-word ,64.78,64
Django Unchained,death,,66.9,66
Django Unchained,word,n-word ,70.1,70
Django Unchained,word,n-word ,71.17,71
Django Unchained,word,n-word ,71.2,71
Django Unchained,word,n-word ,71.23,71
Django Unchained,word,n-word ,71.28,71
Django Unchained,word,n-word ,71.35,71
Django Unchained,word,n-word ,71.87,71
Django Unchained,word,n-word ,73.17,73
Django Unchained,word,n-word ,73.23,73
Django Unchained,word,n-word ,73.32,73
Django Unchained,word,n-word ,73.73,73
Django Unchained,word,n-word ,74,74
Django Unchained,word,n-word ,74.4,74
Django Unchained,word,goddamn,74.77,74
Django Unchained,word,n-word ,74.83,74
Django Unchained,word,hell,75.67,75
Django Unchained,word,goddamn,76.2,76
Django Unchained,word,n-word ,76.3,76
Django Unchained,word,n-word ,76.37,76
Django Unchained,word,ass,76.45,76
Django Unchained,word,goddamn,76.45,76
Django Unchained,word,hell,76.92,76
Django Unchained,word,n-word ,78.48,78
Django Unchained,word,ass,79.57,79
Django Unchained,word,goddamn,79.63,79
Django Unchained,word,goddamn,79.77,79
Django Unchained,word,n-word ,79.8,79
Django Unchained,word,n-word ,81.32,81
Django Unchained,word,goddamn,81.68,81
Django Unchained,word,n-word ,82.98,82
Django Unchained,word,n-word ,83.47,83
Django Unchained,word,n-word ,83.52,83
Django Unchained,word,n-word ,83.68,83
Django Unchained,death,,84.38,84
Django Unchained,word,n-word ,84.47,84
Django Unchained,word,ass,88.32,88
Django Unchained,word,n-word ,88.35,88
Django Unchained,word,n-word ,88.75,88
Django Unchained,word,ass,88.97,88
Django Unchained,word,n-word ,89.13,89
Django Unchained,word,n-word ,89.13,89
Django Unchained,word,n-word ,89.35,89
Django Unchained,word,bastard,89.52,89
Django Unchained,word,n-word ,89.62,89
Django Unchained,word,ass,90.03,90
Django Unchained,word,motherfucker,90.03,90
Django Unchained,word,goddamn,90.17,90
Django Unchained,word,n-word ,90.32,90
Django Unchained,word,goddamn,90.37,90
Django Unchained,word,n-word ,90.42,90
Django Unchained,word,shit,90.43,90
Django Unchained,word,ass,90.88,90
Django Unchained,word,n-word ,91,91
Django Unchained,word,n-word ,91.02,91
Django Unchained,word,n-word ,91.17,91
Django Unchained,word,n-word ,91.18,91
Django Unchained,word,ass,92.12,92
Django Unchained,word,damn,92.23,92
Django Unchained,word,damn,92.25,92
Django Unchained,word,shit,92.27,92
Django Unchained,word,damn,92.33,92
Django Unchained,word,bitch,92.37,92
Django Unchained,word,n-word ,92.53,92
Django Unchained,word,n-word ,92.67,92
Django Unchained,word,ass,92.78,92
Django Unchained,word,ass,93.22,93
Django Unchained,word,n-word ,96.73,96
Django Unchained,word,ass,101.02,101
Django Unchained,word,n-word ,101.48,101
Django Unchained,word,n-word ,101.97,101
Django Unchained,word,n-word ,102.07,102
Django Unchained,word,n-word ,102.32,102
Django Unchained,word,n-word ,102.6,102
Django Unchained,word,n-word ,102.78,102
Django Unchained,word,n-word ,102.83,102
Django Unchained,word,n-word ,103.02,103
Django Unchained,word,n-word ,103.15,103
Django Unchained,word,n-word ,103.2,103
Django Unchained,word,hell,103.83,103
Django Unchained,word,n-word ,104.23,104
Django Unchained,word,n-word ,104.27,104
Django Unchained,word,ass,104.35,104
Django Unchained,word,n-word ,104.9,104
Django Unchained,word,bitch,104.97,104
Django Unchained,word,n-word ,105.62,105
Django Unchained,word,n-word ,106.12,106
Django Unchained,word,ass,108.38,108
Django Unchained,word,n-word ,108.48,108
Django Unchained,word,n-word ,108.65,108
Django Unchained,word,n-word ,109.12,109
Django Unchained,word,n-word ,109.18,109
Django Unchained,word,n-word ,109.2,109
Django Unchained,word,goddamn,109.33,109
Django Unchained,word,goddamn,111.33,111
Django Unchained,word,damn,111.53,111
Django Unchained,word,n-word ,112.08,112
Django Unchained,word,shit,112.08,112
Django Unchained,word,fucked,112.08,112
Django Unchained,word,motherfuckers,113.05,113
Django Unchained,word,hell,113.22,113
Django Unchained,word,ass,113.25,113
Django Unchained,word,n-word ,113.5,113
Django Unchained,word,n-word ,113.97,113
Django Unchained,word,n-word ,114.05,114
Django Unchained,word,fuck,114.15,114
Django Unchained,word,bitch,114.18,114
Django Unchained,word,goddamn,114.93,114
Django Unchained,word,bitches,115.02,115
Django Unchained,word,bitches,115.07,115
Django Unchained,word,damn,116.65,116
Django Unchained,word,goddamn,117.85,117
Django Unchained,word,jackass,120.65,120
Django Unchained,word,ass,121.12,121
Django Unchained,word,goddamn,121.12,121
Django Unchained,word,n-word ,121.37,121
Django Unchained,word,n-word ,121.67,121
Django Unchained,word,n-word ,122.45,122
Django Unchained,word,goddamn,122.6,122
Django Unchained,word,ass,122.63,122
Django Unchained,word,n-word ,123.42,123
Django Unchained,word,shit,130.07,130
Django Unchained,word,n-word ,130.38,130
Django Unchained,word,ass,130.45,130
Django Unchained,death,,131.27,131
Django Unchained,death,,131.53,131
Django Unchained,death,,131.72,131
Django Unchained,death,,131.8,131
Django Unchained,death,,131.83,131
Django Unchained,death,,131.92,131
Django Unchained,death,,132.05,132
Django Unchained,death,,132.13,132
Django Unchained,death,,132.13,132
Django Unchained,death,,132.13,132
Django Unchained,word,fucking,132.22,132
Django Unchained,word,n-word ,131.73,131
Django Unchained,word,shit,132.1,132
Django Unchained,word,bitch,132.12,132
Django Unchained,word,fucking,132.22,132
Django Unchained,word,damn,132.3,132
Django Unchained,word,bitch,132.32,132
Django Unchained,word,fucking,132.35,132
Django Unchained,word,damn,132.37,132
Django Unchained,word,fuck,132.42,132
Django Unchained,word,fuck,132.53,132
Django Unchained,word,n-word ,132.55,132
Django Unchained,death,,133.08,133
Django Unchained,word,n-word ,133.17,133
Django Unchained,word,motherfucker,133.27,133
Django Unchained,death,,133.38,133
Django Unchained,death,,133.38,133
Django Unchained,word,shit,133.42,133
Django Unchained,death,,133.47,133
Django Unchained,death,,133.5,133
Django Unchained,death,,133.52,133
Django Unchained,death,,133.65,133
Django Unchained,death,,133.83,133
Django Unchained,death,,133.87,133
Django Unchained,word,shit,134.4,134
Django Unchained,word,goddamn,134.77,134
Django Unchained,word,goddamn,135.18,135
Django Unchained,word,horseshit,135.43,135
Django Unchained,word,ass,135.65,135
Django Unchained,word,goddamn,135.7,135
Django Unchained,word,bitch,135.78,135
Django Unchained,word,n-word ,136.2,136
Django Unchained,word,n-word ,138.3,138
Django Unchained,word,ass,140.23,140
Django Unchained,word,motherfuckers,140.25,140
Django Unchained,word,ass,140.43,140
Django Unchained,word,fucking,140.5,140
Django Unchained,word,n-word ,140.68,140
Django Unchained,word,shit,140.93,140
Django Unchained,word,n-word ,140.97,140
Django Unchained,word,shit,141.22,141
Django Unchained,word,hell,141.25,141
Django Unchained,word,n-word ,141.27,141
Django Unchained,word,ass,141.52,141
Django Unchained,word,ass,142.42,142
Django Unchained,word,n-word ,142.43,142
Django Unchained,word,fuck,143.68,143
Django Unchained,word,fuck,144.2,144
Django Unchained,word,ass,144.58,144
Django Unchained,word,bitches,144.77,144
Django Unchained,word,goddamn,145.12,145
Django Unchained,word,fucking,145.17,145
Django Unchained,word,shit,145.22,145
Django Unchained,word,ass,145.53,145
Django Unchained,word,fucking,147.2,147
Django Unchained,word,damn,147.23,147
Django Unchained,word,n-word ,147.48,147
Django Unchained,word,fuck,147.62,147
Django Unchained,word,goddamn,148.43,148
Django Unchained,word,n-word ,148.57,148
Django Unchained,word,fucking,149.02,149
Django Unchained,death,,149.1,149
Django Unchained,death,,149.1,149
Django Unchained,death,,149.13,149
Django Unchained,word,goddamn,152.23,152
Django Unchained,word,motherfucker,152.35,152
Django Unchained,death,,152.37,152
Django Unchained,death,,152.38,152
Django Unchained,death,,152.4,152
Django Unchained,death,,152.4,152
Django Unchained,death,,152.47,152
Django Unchained,death,,152.47,152
Django Unchained,death,,152.5,152
Django Unchained,death,,156.77,156
Django Unchained,word,bitch,157.3,157
Django Unchained,death,,157.37,157
Django Unchained,death,,157.85,157
Django Unchained,word,n-word ,158.62,158
Django Unchained,word,n-word ,158.65,158
Django Unchained,word,shit,158.78,158
Django Unchained,word,n-word ,158.78,158
Django Unchained,word,motherfucker,158.9,158
Django Unchained,word,damn,158.92,158
Django Unchained,word,n-word ,158.98,158
Django Unchained,word,horseshit,159.18,159
Django Unchained,word,n-word ,159.25,159
Django Unchained,word,bitch,159.33,159
Django Unchained,word,motherfucker,159.37,159
Django Unchained,word,n-word ,159.42,159
Django Unchained,word,ass,159.53,159
Django Unchained,word,n-word ,159.58,159
Django Unchained,word,n-word ,159.65,159
Django Unchained,word,ass,159.7,159
Django Unchained,word,ass,159.77,159
Django Unchained,word,n-word ,159.8,159
Django Unchained,word,fucked,159.83,159
Django Unchained,word,n-word ,159.88,159
Django Unchained,word,n-word ,160.2,160
Django Unchained,word,ass,160.28,160
Django Unchained,death,,160.45,160
Jackie Brown,word,ass,4.38,4
Jackie Brown,word,shit,4.53,4
Jackie Brown,word,shit,4.63,4
Jackie Brown,word,motherfucker,4.85,4
Jackie Brown,word,shit,4.95,4
Jackie Brown,word,shit,5,5
Jackie Brown,word,motherfucker,5.28,5
Jackie Brown,word,n-word ,5.37,5
Jackie Brown,word,n-word ,5.45,5
Jackie Brown,word,fucking,5.53,5
Jackie Brown,word,damn,5.6,5
Jackie Brown,word,n-word ,5.67,5
Jackie Brown,word,shit,5.7,5
Jackie Brown,word,n-word ,6.02,6
Jackie Brown,word,motherfucker,6.08,6
Jackie Brown,word,shit,6.18,6
Jackie Brown,word,motherfucker,6.37,6
Jackie Brown,word,ass,6.7,6
Jackie Brown,word,shit,7.45,7
Jackie Brown,word,shit,8.35,8
Jackie Brown,word,n-word ,8.58,8
Jackie Brown,word,n-word ,8.62,8
Jackie Brown,word,n-word ,8.65,8
Jackie Brown,word,motherfucking,8.82,8
Jackie Brown,word,motherfuckers,9.23,9
Jackie Brown,word,bitch,9.97,9
Jackie Brown,word,fuck,10.08,10
Jackie Brown,word,fuck,10.12,10
Jackie Brown,word,goddamn,10.2,10
Jackie Brown,word,n-word ,10.2,10
Jackie Brown,word,goddamn,10.25,10
Jackie Brown,word,motherfuckers,10.5,10
Jackie Brown,word,shit,10.52,10
Jackie Brown,word,motherfucking,10.53,10
Jackie Brown,word,fuck,10.58,10
Jackie Brown,word,n-word ,12.12,12
Jackie Brown,word,shit,12.82,12
Jackie Brown,word,fuck,12.82,12
Jackie Brown,word,ass,13.1,13
Jackie Brown,word,fuck,15.63,15
Jackie Brown,word,n-word ,15.68,15
Jackie Brown,word,n-word ,15.72,15
Jackie Brown,word,ass,15.98,15
Jackie Brown,word,motherfucking,16.03,16
Jackie Brown,word,n-word ,16.1,16
Jackie Brown,word,ass,16.2,16
Jackie Brown,word,n-word ,16.23,16
Jackie Brown,word,goddamn,16.25,16
Jackie Brown,word,shit,16.28,16
Jackie Brown,word,ass,16.3,16
Jackie Brown,word,ass,16.33,16
Jackie Brown,word,motherfucking,16.35,16
Jackie Brown,word,n-word ,16.38,16
Jackie Brown,word,motherfucker,16.47,16
Jackie Brown,word,hell,16.52,16
Jackie Brown,word,shit,16.55,16
Jackie Brown,word,ass,16.58,16
Jackie Brown,word,shit,16.65,16
Jackie Brown,word,n-word ,16.77,16
Jackie Brown,word,fucking,16.87,16
Jackie Brown,word,n-word ,17.12,17
Jackie Brown,word,ass,17.22,17
Jackie Brown,word,n-word ,17.25,17
Jackie Brown,word,fuck,17.3,17
Jackie Brown,word,shit,17.4,17
Jackie Brown,word,fucking,17.42,17
Jackie Brown,word,ass,17.48,17
Jackie Brown,word,fucking,17.52,17
Jackie Brown,word,n-word ,17.82,17
Jackie Brown,word,n-word ,17.82,17
Jackie Brown,word,n-word ,17.85,17
Jackie Brown,word,n-word ,17.9,17
Jackie Brown,word,n-word ,17.95,17
Jackie Brown,word,ass,18.23,18
Jackie Brown,word,shit,18.38,18
Jackie Brown,word,n-word ,18.8,18
Jackie Brown,word,shit,19.07,19
Jackie Brown,word,motherfucker,19.35,19
Jackie Brown,word,motherfucker,19.45,19
Jackie Brown,word,fuck,19.47,19
Jackie Brown,word,shit,19.47,19
Jackie Brown,word,fucking,19.58,19
Jackie Brown,word,ass,19.62,19
Jackie Brown,word,goddamn,19.72,19
Jackie Brown,word,goddamn,19.83,19
Jackie Brown,word,goddamn,19.93,19
Jackie Brown,word,ass,19.95,19
Jackie Brown,word,n-word ,20.05,20
Jackie Brown,word,motherfucker,20.12,20
Jackie Brown,word,ass,20.17,20
Jackie Brown,word,goddamn,20.22,20
Jackie Brown,word,ass,20.28,20
Jackie Brown,word,ass,20.35,20
Jackie Brown,word,n-word ,20.38,20
Jackie Brown,word,fucking,20.52,20
Jackie Brown,word,n-word ,20.57,20
Jackie Brown,word,shit,20.58,20
Jackie Brown,word,fucking,20.65,20
Jackie Brown,word,motherfucker,21.05,21
Jackie Brown,word,motherfucker,21.12,21
Jackie Brown,word,goddamn,21.13,21
Jackie Brown,word,motherfucker,21.18,21
Jackie Brown,word,hell,21.22,21
Jackie Brown,death,,23.08,23
Jackie Brown,word,n-word ,23.07,23
Jackie Brown,word,shit,25.53,25
Jackie Brown,word,goddamn,26.13,26
Jackie Brown,word,motherfucking,26.37,26
Jackie Brown,word,ass,26.38,26
Jackie Brown,word,n-word ,27.07,27
Jackie Brown,word,fuck,27.08,27
Jackie Brown,word,n-word ,27.2,27
Jackie Brown,word,n-word ,27.22,27
Jackie Brown,word,n-word ,27.48,27
Jackie Brown,word,shitty,28.67,28
Jackie Brown,word,fucking,28.72,28
Jackie Brown,word,goddamn,29.05,29
Jackie Brown,word,fucking,29.72,29
Jackie Brown,word,fucks,30.63,30
Jackie Brown,word,shit,30.63,30
Jackie Brown,word,shittiest,30.77,30
Jackie Brown,word,fucking,30.78,30
Jackie Brown,word,shit,30.8,30
Jackie Brown,word,fuck,31.97,31
Jackie Brown,word,shit,32.13,32
Jackie Brown,word,shitty,32.4,32
Jackie Brown,word,goddamn,32.65,32
Jackie Brown,word,shit,33.47,33
Jackie Brown,word,shit,33.67,33
Jackie Brown,word,fucking,36.4,36
Jackie Brown,word,shit,36.42,36
Jackie Brown,word,shit,36.52,36
Jackie Brown,word,shit,36.97,36
Jackie Brown,word,shit,37,37
Jackie Brown,word,hell,37.13,37
Jackie Brown,word,motherfucking,37.15,37
Jackie Brown,word,ass,37.28,37
Jackie Brown,word,shit,37.33,37
Jackie Brown,word,ass,37.37,37
Jackie Brown,word,shit,37.88,37
Jackie Brown,word,shit,38.58,38
Jackie Brown,word,fuck,38.95,38
Jackie Brown,word,fucking,38.98,38
Jackie Brown,word,shit,39.3,39
Jackie Brown,word,shit,39.35,39
Jackie Brown,word,bitch,44.32,44
Jackie Brown,word,ass,45.38,45
Jackie Brown,word,hell,48.1,48
Jackie Brown,word,ass,48.1,48
Jackie Brown,word,ass,48.17,48
Jackie Brown,word,shit,48.35,48
Jackie Brown,word,damn,48.52,48
Jackie Brown,word,shit,48.53,48
Jackie Brown,word,shitload,48.6,48
Jackie Brown,word,shitload,50.45,50
Jackie Brown,word,dick,50.88,50
Jackie Brown,word,n-word ,50.97,50
Jackie Brown,word,hell,51.03,51
Jackie Brown,word,fuck,51.05,51
Jackie Brown,word,fuck,51.1,51
Jackie Brown,word,ass,51.22,51
Jackie Brown,word,motherfuckers,51.32,51
Jackie Brown,word,fuck,51.4,51
Jackie Brown,word,damn,51.42,51
Jackie Brown,word,ass,51.45,51
Jackie Brown,word,fucking,51.5,51
Jackie Brown,word,ass,51.62,51
Jackie Brown,word,fuck,51.65,51
Jackie Brown,word,motherfucking,51.8,51
Jackie Brown,word,motherfucking,51.97,51
Jackie Brown,word,motherfucking,53.17,53
Jackie Brown,word,ass,57.42,57
Jackie Brown,word,fuck,57.93,57
Jackie Brown,word,ass,59.12,59
Jackie Brown,word,shit,60.2,60
Jackie Brown,word,shit,61.53,61
Jackie Brown,word,ass,61.93,61
Jackie Brown,word,goddamn,62.97,62
Jackie Brown,word,shit,63.07,63
Jackie Brown,word,shit,63.07,63
Jackie Brown,word,shit,66.05,66
Jackie Brown,word,fucking,67.82,67
Jackie Brown,word,fuck,67.95,67
Jackie Brown,word,damn,69.7,69
Jackie Brown,word,n-word ,70.02,70
Jackie Brown,word,motherfuckers,70.03,70
Jackie Brown,word,ass,70.05,70
Jackie Brown,word,bullshit,70.1,70
Jackie Brown,word,motherfucker,70.12,70
Jackie Brown,word,damn,70.15,70
Jackie Brown,word,fuck,70.3,70
Jackie Brown,word,goddamn,70.45,70
Jackie Brown,word,fuck,70.8,70
Jackie Brown,word,fuck,70.9,70
Jackie Brown,word,ass,70.93,70
Jackie Brown,word,shit,71.2,71
Jackie Brown,word,fuck,71.23,71
Jackie Brown,word,damn,71.67,71
Jackie Brown,word,fucking,72.6,72
Jackie Brown,word,fuck,73.2,73
Jackie Brown,word,shit,73.27,73
Jackie Brown,word,fuck,73.85,73
Jackie Brown,word,shit,75.37,75
Jackie Brown,word,pussy,75.38,75
Jackie Brown,word,shit,75.6,75
Jackie Brown,word,bitch,75.63,75
Jackie Brown,word,fucking,75.63,75
Jackie Brown,word,fuck,75.7,75
Jackie Brown,word,n-word ,75.7,75
Jackie Brown,word,damn,75.73,75
Jackie Brown,word,fuck,75.77,75
Jackie Brown,word,fucked,75.87,75
Jackie Brown,word,shit,76.18,76
Jackie Brown,word,bitches,76.32,76
Jackie Brown,word,ass,76.72,76
Jackie Brown,word,ass,76.92,76
Jackie Brown,word,bitch,77.05,77
Jackie Brown,word,fuck,77.35,77
Jackie Brown,word,bitch,77.47,77
Jackie Brown,word,ass,79.37,79
Jackie Brown,word,shit,80.33,80
Jackie Brown,word,fuck,81,81
Jackie Brown,word,shit,81.02,81
Jackie Brown,word,shit,83.92,83
Jackie Brown,word,shit,88.68,88
Jackie Brown,word,shit,88.83,88
Jackie Brown,word,hell,92.38,92
Jackie Brown,word,hell,92.38,92
Jackie Brown,word,hell,92.43,92
Jackie Brown,word,shit,92.52,92
Jackie Brown,word,shit,92.55,92
Jackie Brown,word,goddamn,92.57,92
Jackie Brown,word,fuck,92.58,92
Jackie Brown,word,ass,92.62,92
Jackie Brown,word,fucking,92.63,92
Jackie Brown,word,fuck,92.65,92
Jackie Brown,word,ass,92.7,92
Jackie Brown,word,shit,92.82,92
Jackie Brown,word,ass,92.97,92
Jackie Brown,word,damn,93.03,93
Jackie Brown,word,shit,94.13,94
Jackie Brown,word,ass,94.27,94
Jackie Brown,word,ass,94.77,94
Jackie Brown,word,damn,94.98,94
Jackie Brown,word,shit,95.07,95
Jackie Brown,word,motherfucker,95.08,95
Jackie Brown,word,motherfucker,95.13,95
Jackie Brown,word,shit,96.7,96
Jackie Brown,word,fucking,96.9,96
Jackie Brown,word,hell,97.37,97
Jackie Brown,word,bitch,98.02,98
Jackie Brown,word,ass,98.07,98
Jackie Brown,word,shit,98.15,98
Jackie Brown,word,motherfucking,98.17,98
Jackie Brown,word,goddamn,98.23,98
Jackie Brown,word,goddamn,98.45,98
Jackie Brown,word,bitch,98.45,98
Jackie Brown,word,fucking,98.47,98
Jackie Brown,word,ass,101.37,101
Jackie Brown,word,fuck,101.92,101
Jackie Brown,word,motherfucking,101.98,101
Jackie Brown,word,bitch,102.07,102
Jackie Brown,word,fucking,102.08,102
Jackie Brown,word,ass,102.08,102
Jackie Brown,word,goddamn,102.1,102
Jackie Brown,word,ass,102.32,102
Jackie Brown,word,fuck,102.33,102
Jackie Brown,word,ass,105.27,105
Jackie Brown,word,fuck,106.32,106
Jackie Brown,word,goddamn,109.7,109
Jackie Brown,word,fuck,109.77,109
Jackie Brown,word,fucking,109.82,109
Jackie Brown,word,shit,109.97,109
Jackie Brown,word,bitch,110.13,110
Jackie Brown,word,fucking,110.15,110
Jackie Brown,word,fucking,110.52,110
Jackie Brown,word,fuck,111.27,111
Jackie Brown,word,fuck,111.83,111
Jackie Brown,word,goddamn,111.85,111
Jackie Brown,word,fucking,111.9,111
Jackie Brown,word,fuck,111.97,111
Jackie Brown,word,fucking,111.98,111
Jackie Brown,word,fuck,112.07,112
Jackie Brown,word,fuck,112.35,112
Jackie Brown,word,fucking,113.18,113
Jackie Brown,death,,113.28,113
Jackie Brown,word,bitch,114.98,114
Jackie Brown,word,fucking,115,115
Jackie Brown,word,fuck,116.07,116
Jackie Brown,word,fucking,120.22,120
Jackie Brown,word,fucking,120.35,120
Jackie Brown,word,fucking,120.85,120
Jackie Brown,word,bitch,121.1,121
Jackie Brown,word,fucking,121.87,121
Jackie Brown,word,fucking,121.92,121
Jackie Brown,word,ass,122.08,122
Jackie Brown,word,fuck,122.12,122
Jackie Brown,word,fuck,122.15,122
Jackie Brown,word,fuck,122.17,122
Jackie Brown,word,fucking,121.2,121
Jackie Brown,word,shit,122.28,122
Jackie Brown,word,bitch,123.32,123
Jackie Brown,word,shit,123.63,123
Jackie Brown,word,motherfucker,124.57,124
Jackie Brown,word,hell,124.65,124
Jackie Brown,word,ass,124.68,124
Jackie Brown,word,motherfuckers,124.75,124
Jackie Brown,word,fucking,124.83,124
Jackie Brown,word,fucking,124.85,124
Jackie Brown,word,fucking,124.88,124
Jackie Brown,word,fucking,124.9,124
Jackie Brown,word,goddamn,124.97,124
Jackie Brown,word,motherfucker,125.07,125
Jackie Brown,word,ass,125.1,125
Jackie Brown,word,shit,125.12,125
Jackie Brown,word,fucking,125.15,125
Jackie Brown,word,fuck,125.33,125
Jackie Brown,word,ass,125.37,125
Jackie Brown,death,,125.43,125
Jackie Brown,word,shit,126.42,126
Jackie Brown,word,fucking,126.62,126
Jackie Brown,word,fucking,127.07,127
Jackie Brown,word,fucking,127.42,127
Jackie Brown,word,fucking,128.38,128
Jackie Brown,word,motherfucking,128.42,128
Jackie Brown,word,motherfucker,128.47,128
Jackie Brown,word,fuck,129.17,129
Jackie Brown,word,fucking,129.57,129
Jackie Brown,word,goddamn,130.9,130
Jackie Brown,word,motherfucking,130.92,130
Jackie Brown,word,motherfucking,131,131
Jackie Brown,word,motherfucker,131.08,131
Jackie Brown,word,motherfucker,131.18,131
Jackie Brown,word,shit,131.22,131
Jackie Brown,word,n-word ,131.25,131
Jackie Brown,word,motherfucker,131.28,131
Jackie Brown,word,goddamn,131.35,131
Jackie Brown,word,motherfucker,131.38,131
Jackie Brown,word,shit,131.4,131
Jackie Brown,word,goddamn,131.45,131
Jackie Brown,word,shit,131.57,131
Jackie Brown,word,n-word ,131.8,131
Jackie Brown,word,motherfucking,132.78,132
Jackie Brown,word,ass,133.05,133
Jackie Brown,word,motherfucking,133.13,133
Jackie Brown,word,fuck,134,134
Jackie Brown,word,goddamn,134.02,134
Jackie Brown,word,fucking,134.07,134
Jackie Brown,word,ass,134.18,134
Jackie Brown,word,motherfucker,134.33,134
Jackie Brown,word,motherfucker,134.5,134
Jackie Brown,word,n-word ,134.78,134
Jackie Brown,word,shit,135,135
Jackie Brown,word,ass,135.67,135
Jackie Brown,word,dumbass,135.72,135
Jackie Brown,word,bullshit,136.72,136
Jackie Brown,word,fucking,136.9,136
Jackie Brown,word,ass,137.13,137
Jackie Brown,word,n-word ,137.13,137
Jackie Brown,word,goddamn,138.2,138
Jackie Brown,word,bullshit,141.03,141
Jackie Brown,word,bitch,141.2,141
Jackie Brown,word,goddamn,141.23,141
Jackie Brown,word,motherfucker,141.35,141
Jackie Brown,word,n-word ,141.5,141
Jackie Brown,word,motherfucker,141.55,141
Jackie Brown,word,motherfucker,141.8,141
Jackie Brown,word,motherfucker,141.93,141
Jackie Brown,word,ass,142.43,142
Jackie Brown,word,fucking,142.47,142
Jackie Brown,word,goddamn,142.97,142
Jackie Brown,death,,143.13,143
